{
  "1-Login" : {
    "transaction" : "1-Login",
    "sampleCount" : 15395,
    "errorCount" : 0,
    "errorPct" : 0.0,
    "meanResTime" : 237.4043520623581,
    "medianResTime" : 220.0,
    "minResTime" : 205.0,
    "maxResTime" : 3246.0,
    "pct1ResTime" : 283.0,
    "pct2ResTime" : 330.0,
    "pct3ResTime" : 428.0,
    "throughput" : 12.446770752231242,
    "receivedKBytesPerSec" : 13.370554518998405,
    "sentKBytesPerSec" : 7.8886271662090595
  },
  "Total" : {
    "transaction" : "Total",
    "sampleCount" : 35463,
    "errorCount" : 9,
    "errorPct" : 0.025378564,
    "meanResTime" : 469.5674928799035,
    "medianResTime" : 220.0,
    "minResTime" : 39.0,
    "maxResTime" : 3707.0,
    "pct1ResTime" : 2384.0,
    "pct2ResTime" : 2951.0,
    "pct3ResTime" : 3354.0,
    "throughput" : 19.674635903006592,
    "receivedKBytesPerSec" : 356.19636199560966,
    "sentKBytesPerSec" : 12.093991837880512
  },
  "2-Delete" : {
    "transaction" : "2-Delete",
    "sampleCount" : 1564,
    "errorCount" : 5,
    "errorPct" : 0.3196931,
    "meanResTime" : 66.00447570332467,
    "medianResTime" : 60.0,
    "minResTime" : 39.0,
    "maxResTime" : 177.0,
    "pct1ResTime" : 77.0,
    "pct2ResTime" : 94.75,
    "pct3ResTime" : 142.0,
    "throughput" : 2.800257824249803,
    "receivedKBytesPerSec" : 1.2452116055602307,
    "sentKBytesPerSec" : 1.6843639915535702
  },
  "4-getAll" : {
    "transaction" : "4-getAll",
    "sampleCount" : 4623,
    "errorCount" : 0,
    "errorPct" : 0.0,
    "meanResTime" : 1820.6314081765063,
    "medianResTime" : 1828.0,
    "minResTime" : 56.0,
    "maxResTime" : 3707.0,
    "pct1ResTime" : 3213.6000000000004,
    "pct2ResTime" : 3333.0,
    "pct3ResTime" : 3437.0,
    "throughput" : 3.730045707784847,
    "receivedKBytesPerSec" : 374.7338718563291,
    "sentKBytesPerSec" : 2.0617244830138897
  },
  "2-Reg_Acc" : {
    "transaction" : "2-Reg_Acc",
    "sampleCount" : 1540,
    "errorCount" : 0,
    "errorPct" : 0.0,
    "meanResTime" : 151.79675324675316,
    "medianResTime" : 141.0,
    "minResTime" : 131.0,
    "maxResTime" : 616.0,
    "pct1ResTime" : 168.0,
    "pct2ResTime" : 207.89999999999964,
    "pct3ResTime" : 317.17999999999984,
    "throughput" : 1.25617483343448,
    "receivedKBytesPerSec" : 0.5692042213999987,
    "sentKBytesPerSec" : 0.9605321236124978
  },
  "3-getAll" : {
    "transaction" : "3-getAll",
    "sampleCount" : 5,
    "errorCount" : 0,
    "errorPct" : 0.0,
    "meanResTime" : 52.2,
    "medianResTime" : 52.0,
    "minResTime" : 51.0,
    "maxResTime" : 54.0,
    "pct1ResTime" : 54.0,
    "pct2ResTime" : 54.0,
    "pct3ResTime" : 54.0,
    "throughput" : 78.125,
    "receivedKBytesPerSec" : 19.7601318359375,
    "sentKBytesPerSec" : 43.182373046875
  },
  "3-GetOne" : {
    "transaction" : "3-GetOne",
    "sampleCount" : 10772,
    "errorCount" : 4,
    "errorPct" : 0.03713331,
    "meanResTime" : 143.0954326030459,
    "medianResTime" : 137.0,
    "minResTime" : 52.0,
    "maxResTime" : 3151.0,
    "pct1ResTime" : 193.0,
    "pct2ResTime" : 263.0,
    "pct3ResTime" : 357.0,
    "throughput" : 8.714533499016257,
    "receivedKBytesPerSec" : 3.378457382153166,
    "sentKBytesPerSec" : 5.259357131242234
  },
  "1-getAll" : {
    "transaction" : "1-getAll",
    "sampleCount" : 1564,
    "errorCount" : 0,
    "errorPct" : 0.0,
    "meanResTime" : 1727.6023017902817,
    "medianResTime" : 1755.5,
    "minResTime" : 51.0,
    "maxResTime" : 3531.0,
    "pct1ResTime" : 3054.5,
    "pct2ResTime" : 3225.0,
    "pct3ResTime" : 3337.35,
    "throughput" : 2.7829131976633494,
    "receivedKBytesPerSec" : 276.6592764764876,
    "sentKBytesPerSec" : 1.538211786989703
  }
}